Date,000001.SS,^AXJO,^BVSP,^FTSE,^GDAXI,^GSPC,^GSPTSE,^HSI,^MXX,^N225,^NSEI
2025-01-01,,,,,,,,,,,23742.900390625
2025-01-02,3262.56103515625,8201.2001953125,120125.0,8260.099609375,20024.66015625,5868.5498046875,24898.0,19623.3203125,49765.19921875,,24188.650390625
2025-01-03,3211.429931640625,8250.5,118533.0,8224.0,19906.080078125,5942.47021484375,25073.5,19760.26953125,48957.23828125,,24004.75
2025-01-06,3206.923095703125,8288.5,120022.0,8249.7001953125,20216.189453125,5975.3798828125,24999.80078125,19688.2890625,49493.55859375,39307.05078125,23616.05078125
2025-01-07,3229.64404296875,8285.099609375,121163.0,8245.2998046875,20340.5703125,5909.02978515625,24929.900390625,19447.580078125,50085.5,40083.30078125,23707.900390625
2025-01-08,3230.16796875,8349.099609375,119625.0,8251.0,20329.939453125,5918.25,25051.69921875,19279.83984375,49634.26171875,39981.05859375,23688.94921875
2025-01-09,3211.39306640625,8329.2001953125,119781.0,8319.7001953125,20317.099609375,,25073.400390625,19240.890625,49807.9609375,39605.08984375,23526.5
2025-01-10,3168.52392578125,8294.099609375,118856.0,8248.5,20214.7890625,5827.0400390625,24767.69921875,19064.2890625,49596.69921875,39190.3984375,23431.5
2025-01-13,3160.7548828125,8191.89990234375,119007.0,8224.2001953125,20132.849609375,5836.22021484375,24536.30078125,18874.140625,49829.96875,,23085.94921875
2025-01-14,3240.93994140625,8231.0,119299.0,8201.5,20271.330078125,5842.91015625,24588.599609375,19219.779296875,49844.0,38474.30078125,23176.05078125
2025-01-15,3227.116943359375,8213.2998046875,122650.0,8301.099609375,20574.6796875,5949.91015625,24789.30078125,19286.0703125,50242.83984375,38444.578125,23213.19921875
2025-01-16,3236.031982421875,8327.0,121234.0,8391.900390625,20655.390625,5937.33984375,24846.19921875,19522.890625,49948.1484375,38572.6015625,23311.80078125
2025-01-17,3241.821044921875,8310.400390625,122350.0,8505.2001953125,20903.390625,5996.66015625,25067.900390625,19584.060546875,49940.890625,38451.4609375,23203.19921875
2025-01-20,3244.3779296875,8402.0,122543.0,8520.5,20990.310546875,,25130.80078125,19925.810546875,50201.3203125,38902.5,23344.75
2025-01-21,3242.623046875,8420.2998046875,123338.0,8548.2998046875,21042.0,6049.240234375,25281.599609375,20106.55078125,50450.26171875,39027.98046875,23024.650390625
2025-01-22,3213.6240234375,8429.7998046875,122972.0,8545.099609375,21254.26953125,6086.3701171875,25311.5,19778.76953125,50944.578125,39646.25,23155.349609375
2025-01-23,3230.1640625,8378.7001953125,122483.0,8565.2001953125,21411.529296875,6118.7099609375,25434.099609375,19700.560546875,51054.91015625,39958.87109375,23205.349609375
2025-01-24,3252.6259765625,8408.900390625,122447.0,8502.400390625,21394.9296875,6101.240234375,25468.5,20066.189453125,51357.30859375,39931.98046875,23092.19921875
2025-01-27,3250.60107421875,,124862.0,8503.7001953125,21282.1796875,6012.27978515625,25289.19921875,20197.76953125,51687.44921875,39565.80078125,22829.150390625
2025-01-28,,8399.099609375,124056.0,8533.900390625,21430.580078125,6067.7001953125,25419.5,20225.109375,51535.9609375,39016.87109375,22957.25
2025-01-29,,8447.0,123432.0,8557.7998046875,21637.529296875,6039.31005859375,25473.30078125,,51555.78125,39414.78125,23163.099609375
2025-01-30,,8550.099609375,126913.0,8646.900390625,21727.19921875,6071.169921875,25808.30078125,,52050.25,39513.96875,23249.5
2025-01-31,,8532.2998046875,126135.0,8674.0,21732.05078125,6040.52978515625,25533.099609375,,51209.53125,39572.48828125,23508.400390625
2025-02-03,,8379.400390625,125970.0,8583.599609375,21428.240234375,5994.56982421875,25241.80078125,20217.259765625,,38520.08984375,23361.05078125
2025-02-04,,8374.0,125147.0,8570.7998046875,21505.69921875,6037.8798828125,25279.400390625,20789.9609375,51889.75,38798.37109375,23739.25
2025-02-05,3229.488037109375,8416.900390625,125534.0,8623.2998046875,21585.9296875,6061.47998046875,25569.80078125,20597.08984375,51570.19140625,38831.48046875,23696.30078125
2025-02-06,3270.658935546875,8520.7001953125,126225.0,8727.2998046875,21902.419921875,6083.56982421875,25534.5,20891.619140625,52674.7890625,39066.53125,23603.349609375
2025-02-07,3303.6669921875,8511.400390625,124619.0,8700.5,21787.0,6025.990234375,25442.900390625,21133.5390625,52817.75,38787.01953125,23559.94921875
2025-02-10,3322.169921875,8482.7998046875,125572.0,8767.7998046875,21911.740234375,6066.43994140625,25658.900390625,21521.98046875,52928.12109375,38801.171875,23381.599609375
2025-02-11,3318.056884765625,8484.0,126522.0,8777.400390625,22037.830078125,6068.5,25631.80078125,21294.859375,53451.640625,,23071.80078125
2025-02-12,3346.385009765625,8535.2998046875,124380.0,8807.400390625,22148.029296875,6051.97021484375,25563.099609375,21857.919921875,54065.71875,38963.69921875,23045.25
2025-02-13,3332.48291015625,8540.0,124850.0,8764.7001953125,22612.01953125,6115.06982421875,25698.5,21814.369140625,54160.109375,39461.46875,23031.400390625
2025-02-14,3346.72412109375,8555.7998046875,128219.0,8732.5,22513.419921875,6114.6298828125,25483.19921875,22620.330078125,54077.94140625,39149.4296875,22929.25
2025-02-17,3355.830078125,8505.7998046875,128869.0,8768.0,22798.08984375,,,22616.23046875,54291.640625,39174.25,22959.5
2025-02-18,3324.490966796875,8481.0,128532.0,8766.7001953125,22844.5,6129.580078125,25648.80078125,22976.810546875,54476.73828125,39270.3984375,22945.30078125
2025-02-19,3351.5390625,8419.2001953125,127309.0,8712.5,22433.630859375,6144.14990234375,25626.19921875,22944.240234375,54096.51171875,39164.609375,22932.900390625
2025-02-20,3350.782958984375,8322.7998046875,127601.0,8663.0,22314.650390625,6117.52001953125,25514.099609375,22576.98046875,54303.9296875,38678.0390625,22913.150390625
2025-02-21,3379.113037109375,8296.2001953125,127128.0,8659.400390625,22287.560546875,6013.1298828125,25147.0,23477.919921875,53738.75,38776.94140625,22795.900390625
2025-02-24,3373.028076171875,8308.2001953125,125401.0,8659.0,22425.9296875,5983.25,25151.30078125,23341.609375,53704.44921875,,22553.349609375
2025-02-25,3346.0400390625,8251.900390625,125980.0,8668.7001953125,22410.26953125,5955.25,25204.0,23034.01953125,53050.328125,38237.7890625,22547.55078125
2025-02-26,3380.214111328125,8240.7001953125,124769.0,8731.5,22794.109375,5956.06005859375,25328.400390625,23787.9296875,53296.7109375,38142.37109375,
2025-02-27,3388.06201171875,8268.2001953125,124799.0,8756.2001953125,22550.890625,5861.56982421875,25128.19921875,23718.2890625,52607.609375,38256.171875,22545.05078125
2025-02-28,3320.89697265625,8172.39990234375,122799.0,8809.7001953125,22551.4296875,5954.5,25393.5,22941.3203125,52325.73046875,37155.5,22124.69921875
2025-03-03,3316.925048828125,8245.7001953125,,8871.2998046875,23147.01953125,5849.72021484375,25001.599609375,23006.26953125,52081.58984375,37785.46875,22119.30078125
2025-03-04,3324.2099609375,8198.099609375,,8759.0,22326.810546875,5778.14990234375,24572.0,22941.76953125,52384.71875,37331.1796875,22082.650390625
2025-03-05,3341.965087890625,8141.10009765625,123047.0,8755.7998046875,23081.029296875,5842.6298828125,24870.80078125,23594.2109375,52709.3984375,37418.23828125,22337.30078125
2025-03-06,3381.097900390625,8094.7001953125,123358.0,8682.7998046875,23419.48046875,5738.52001953125,24584.0,24369.7109375,52816.4296875,37704.9296875,22544.69921875
2025-03-07,3372.5458984375,7948.2001953125,125035.0,8679.900390625,23008.939453125,5770.2001953125,24758.80078125,24231.30078125,52839.62890625,36887.171875,22552.5
2025-03-10,3366.1630859375,7962.2998046875,124519.0,8600.2001953125,22620.94921875,5614.56005859375,24380.69921875,23783.490234375,51726.87890625,37028.26953125,22460.30078125
2025-03-11,3379.827880859375,7890.10009765625,123507.0,8496.0,22328.76953125,5572.06982421875,24248.19921875,23782.140625,51510.6796875,36793.109375,22497.900390625
2025-03-12,3371.924072265625,7786.2001953125,123864.0,8541.0,22676.41015625,5599.2998046875,24423.30078125,23600.310546875,52041.01171875,36819.08984375,22470.5
2025-03-13,3358.72900390625,7749.10009765625,125637.0,8542.599609375,22567.140625,5521.52001953125,24203.19921875,23462.650390625,51877.12109375,36790.03125,22397.19921875
2025-03-14,3419.56201171875,7789.7001953125,128957.0,8632.2998046875,22986.8203125,5638.93994140625,24553.400390625,23959.98046875,52484.28125,37053.1015625,
2025-03-17,3426.12890625,7854.10009765625,130834.0,8680.2998046875,23154.5703125,5675.1201171875,24785.099609375,24145.5703125,,37396.51953125,22508.75
2025-03-18,3429.759033203125,7860.39990234375,131475.0,8705.2001953125,23380.69921875,5614.66015625,24706.099609375,24740.5703125,52773.3203125,37845.421875,22834.30078125
2025-03-19,3426.428955078125,7828.2998046875,132508.0,8706.7001953125,23288.060546875,5675.2900390625,25069.19921875,24771.140625,53060.76171875,37751.87890625,22907.599609375
2025-03-20,3408.947998046875,7918.89990234375,131955.0,8702.0,22999.150390625,5662.89013671875,25060.19921875,24219.94921875,53100.828125,,23190.650390625
2025-03-21,3364.8310546875,7931.2001953125,132345.0,8646.7998046875,22891.6796875,5667.56005859375,24968.5,23689.720703125,52672.421875,37677.05859375,23350.400390625
2025-03-24,3370.028076171875,7936.89990234375,131321.0,8638.0,22852.66015625,5767.56982421875,25304.099609375,23905.560546875,52674.83984375,37608.48828125,23658.349609375
2025-03-25,3369.97607421875,7942.5,132068.0,8663.7998046875,23109.7890625,5776.64990234375,25339.5,23344.25,53203.26171875,37780.5390625,23668.650390625
2025-03-26,3368.697021484375,7999.0,132520.0,8689.599609375,22839.029296875,5712.2001953125,25161.099609375,23483.3203125,52806.890625,38027.2890625,23486.849609375
2025-03-27,3373.7490234375,7969.0,133149.0,8666.099609375,22678.740234375,5693.31005859375,25161.099609375,23578.80078125,53477.73828125,37799.96875,23591.94921875
2025-03-28,3351.306884765625,7982.0,131902.0,8658.900390625,22461.51953125,5580.93994140625,24759.19921875,23426.599609375,53172.96875,37120.328125,23519.349609375
2025-03-31,3335.74609375,7843.39990234375,130260.0,8582.7998046875,22163.490234375,5611.85009765625,24917.5,23119.580078125,52484.4296875,35617.55859375,
2025-04-01,3348.43505859375,7925.2001953125,131147.0,8634.7998046875,22539.98046875,5633.06982421875,25033.30078125,23206.83984375,53337.8984375,35624.48046875,23165.69921875
2025-04-02,3350.126953125,7934.5,131190.0,8608.5,22390.83984375,5670.97021484375,25307.19921875,23202.529296875,53800.9296875,35725.87109375,23332.349609375
2025-04-03,3342.008056640625,7859.7001953125,131141.0,8474.7001953125,21717.390625,5396.52001953125,24335.80078125,22849.810546875,54089.28125,34735.9296875,23250.099609375
2025-04-04,,7667.7998046875,127256.0,8055.0,20641.720703125,5074.080078125,23193.5,,51452.73046875,33780.578125,22904.44921875
2025-04-07,3096.575927734375,7343.2998046875,125588.0,7702.10009765625,19789.619140625,5062.25,22859.5,19828.30078125,50458.3203125,31136.580078125,22161.599609375
2025-04-08,3145.549072265625,7510.0,123932.0,7910.5,20280.259765625,4982.77001953125,22506.900390625,20127.6796875,50316.58984375,33012.578125,22535.849609375
2025-04-09,3186.81005859375,7375.0,127796.0,7679.5,19670.880859375,5456.89990234375,23727.0,20264.490234375,52527.671875,31714.029296875,22399.150390625
2025-04-10,3223.637939453125,7709.60009765625,126355.0,7913.2998046875,20562.73046875,5268.0498046875,23014.900390625,20681.779296875,51514.8203125,34609.0,
2025-04-11,3238.22705078125,7646.5,127682.0,7964.2001953125,20374.099609375,5363.35986328125,23587.80078125,20914.689453125,51498.8984375,33585.578125,22828.55078125
2025-04-14,3262.80810546875,7748.60009765625,129454.0,8134.2998046875,20954.830078125,5405.97021484375,23866.5,21417.400390625,52391.3515625,33982.359375,
2025-04-15,3267.662109375,7761.7001953125,129245.0,8249.099609375,21253.69921875,5396.6298828125,24067.900390625,21466.26953125,52643.0390625,34267.5390625,23328.55078125
2025-04-16,3276.00390625,7758.89990234375,128317.0,8275.599609375,21311.01953125,5275.7001953125,24106.80078125,21056.98046875,53018.5703125,33920.3984375,23437.19921875
2025-04-17,3280.341064453125,7819.10009765625,129650.0,8275.7001953125,21205.859375,5282.7001953125,24192.80078125,21395.140625,,34377.6015625,23851.650390625
2025-04-18,3276.72998046875,,,,,,,,,34730.28125,
2025-04-21,3291.43408203125,,,,,5158.2001953125,24008.900390625,,53758.75,34279.921875,24125.55078125
2025-04-22,3299.757080078125,7816.7001953125,130464.0,8328.599609375,21293.529296875,5287.759765625,24306.0,21562.3203125,54777.83984375,34220.6015625,24167.25
2025-04-23,3296.35498046875,7920.5,132216.0,8403.2001953125,21961.970703125,5375.85986328125,24472.69921875,22072.619140625,55766.578125,34868.62890625,24328.94921875
2025-04-24,3297.2880859375,7968.2001953125,134580.0,8407.400390625,22064.509765625,5484.77001953125,24727.5,21909.759765625,56382.0,35039.1484375,24246.69921875
2025-04-25,3295.06005859375,,134739.0,8415.2998046875,22242.44921875,5525.2099609375,24710.5,21980.740234375,56720.12109375,35705.73828125,24039.349609375
2025-04-28,3288.4150390625,7997.10009765625,135016.0,8417.2998046875,22271.669921875,5528.75,24798.599609375,21971.9609375,56980.12890625,35839.98828125,24328.5
2025-04-29,3286.655029296875,8070.60009765625,135093.0,8463.5,22425.830078125,5560.830078125,24874.5,22008.109375,55613.4296875,,24335.94921875
2025-04-30,3279.031005859375,8126.2001953125,135067.0,8494.900390625,22496.98046875,5569.06005859375,24841.69921875,22119.41015625,56259.28125,36045.37890625,24334.19921875
